title,price,image
ASOS DESIGN 3 pack slim chino shorts in shorter length with elasticated waist save - MULTI,£53.00,https://images.asos-media.com/products/asos-design-3-pack-slim-chino-shorts-in-shorter-length-with-elasticated-waist-save-multi/201522959-1-multi?$n_480w$&wid=476&fit=constrain
ASOS DESIGN co-ord knitted shorts with all over geo print,£34.00,https://images.asos-media.com/products/asos-design-co-ord-knitted-shorts-with-all-over-geo-print/204293861-1-green?$n_480w$&wid=476&fit=constrain
ASOS DESIGN relaxed revere satin shirt in renaissance border print,£32.00,https://images.asos-media.com/products/asos-design-relaxed-revere-satin-shirt-in-renaissance-border-print/204300943-1-multi?$n_480w$&wid=476&fit=constrain
ASOS DESIGN oversized knitted t-shirt with aztec print in black,£32.00,https://images.asos-media.com/products/asos-design-oversized-knitted-t-shirt-with-aztec-print-in-black/204282006-1-black?$n_480w$&wid=476&fit=constrain
COLLUSION twill slim skater trouser in white,£27.99,https://images.asos-media.com/products/collusion-twill-slim-skater-trouser-in-white/204413217-1-white?$n_480w$&wid=476&fit=constrain
ASOS DESIGN boxy oversized revere beach shirt in crinkle cotton in rust,£32.00,https://images.asos-media.com/products/asos-design-boxy-oversized-revere-beach-shirt-in-crinkle-cotton-in-rust/204297573-1-rust?$n_480w$&wid=476&fit=constrain
ASOS DESIGN relaxed linen trousers in paisley print,£42.00,https://images.asos-media.com/products/asos-design-relaxed-linen-trousers-in-paisley-print/204647664-1-green?$n_480w$&wid=476&fit=constrain
ASOS DESIGN textured vest with lace up detail in neutral,£32.00,https://images.asos-media.com/products/asos-design-textured-vest-with-lace-up-detail-in-neutral/204293862-1-stone?$n_480w$&wid=476&fit=constrain
ASOS DESIGN relaxed revere shirt with peacock placement print,£30.00,https://images.asos-media.com/products/asos-design-relaxed-revere-shirt-with-peacock-placement-print/204562309-1-multi?$n_480w$&wid=476&fit=constrain
ASOS DESIGN co-ord relaxed revere polo shirt in embossed towelling with flower detail,£26.00,https://images.asos-media.com/products/asos-design-co-ord-relaxed-revere-polo-shirt-in-embossed-towelling-with-flower-detail/204819114-1-beige?$n_480w$&wid=476&fit=constrain
Jack & Jones Premium linen mix half placket shirt in white,£40.00,https://images.asos-media.com/products/jack-jones-premium-linen-mix-half-placket-shirt-in-white/204390675-1-white?$n_480w$&wid=476&fit=constrain
Reclaimed Vintage unisex cord necklace with starfish,£13.99,https://images.asos-media.com/products/reclaimed-vintage-unisex-cord-necklace-with-starfish/204342929-1-multi?$n_480w$&wid=476&fit=constrain
adidas Originals Enjoy Summer graphic shorts in pastel blue,£35.00,
COLLUSION Unisex license t-shirt with Storm Trooper back print in black,£22.99,
ASOS DESIGN dropped shoulder longline viscose bowling shirt with cut and sew in black,£30.00,
Only & Sons linen mix tapered fit trousers in white,£38.00,
COLLUSION linen beach trouser in green,£24.99,
COLLUSION Unisex license t-shirt with ice cream Sonic back print in stone,£22.99,
ASOS DESIGN slim shorts in washed black waffle,£21.00,
adidas Originals Enjoy Summer graphic shorts in pastel mint,£35.00,
Dickies lisbon backpack in green,£53.00,
ASOS DESIGN button through polo in mesh stitch,£34.00,
COLLUSION crochet boxy shirt in grey co-ord,£26.99,
ADPT oversized revere collar short sleeve shirt in banadana print,£26.00,
Topman knitted button through shirt with geo print in green,£38.00,
Vans Old Skool trainers in off white utility pack Exclusive to ASOS - CREAM,£90.00,
ASOS DESIGN slim shorts in sage green waffle,£21.00,
ASOS DESIGN boxy overhead shirt in textured fabric,£37.00,
ASOS DESIGN festival 5 pack cord bracelet set in multi colour,£9.00,
ASOS DESIGN oversized knitted button through pointelle polo in beige,£34.00,
COLLUSION contrast stitch baggy skater short in black,£24.99,
ASOS DESIGN relaxed fit viscose shirt with low revere collar in white,£21.00,
ASOS DESIGN knitted crochet notch neck shirt with patchwork design,£34.00,
ASOS DESIGN soft straw hat with tonal band in biscuit,£16.00,
COLLUSION revere natural texture summer short sleeve shirt in ecru,£22.99,
ASOS DESIGN relaxed polo with revere collar in beige crochet fabric,£27.00,
Jack & Jones Intelligence drawstring linen mix trouser in navy,£30.00,
ASOS DESIGN oversized midweight knitted cotton notch neck polo in washed brown,£24.00,
ASOS DESIGN co-ord oversized shorts in beige floral towelling,£30.00,
Jack & Jones Core oversized t-shirt with camo navigaton back print in black,£15.00,
ASOS DESIGN extreme oversized shirt in textured stripe fabric,£32.00,
ASOS DESIGN boxy oversized revere shirt in geo print with cut and sew border,£30.00,
COLLUSION Unisex license t-shirt with skate Mr Bump print in white,£22.99,
Jack & Jones oversized revere collar shirt with palm back print in white,£38.00,
ASOS DESIGN boxy oversized cotton mesh shirt in black,£32.00,
ASOS DESIGN super oversized revere linen mix shirt in bright pink,£30.00,
ASOS DESIGN muscle button through vest with collar,£21.00,
Abercrombie & Fitch short sleeve bowling shirt with back print in green,£52.00,
New Look rectangle sunglasses in black,£9.00,
COLLUSION neon embroidered back short sleeve shirt in green,£29.95,
New Look metal round sunglasses in gold,£10.00,
Reclaimed Vintage unisex relaxed straight trouser in ecru linen mix,£29.99,
New Look square sunglasses in black,£9.00,
COLLUSION boxy revere short sleeve shirt in white,£15.99,
ASOS DESIGN oversized midweight knitted cotton revere polo in beige,£24.00,
ASOS DESIGN boxy oversized denim shirt with pink tint,£34.00,
COLLUSION revere natural texture summer shirt in grey,£22.99,
ASOS DESIGN boxy oversized revere shirt in stone,£26.00,
ASOS DESIGN relaxed revere satin shirt with paisley border,£30.00,
ASOS DESIGN boxy oversized linen mix shirt in floral blanket print,£32.00,
ASOS DESIGN relaxed revere shirt with longer sleeve in horizontal green stripe,£30.00,
ASOS MADE IN KENYA balloon cord trousers in teal,£37.00,
Reclaimed Vintage limited edition unisex oversized shirt with embroidery,£37.99,
ASOS DESIGN co-ord oversized midweight knitted cotton button through polo in sage,£30.00,
ASOS DESIGN smart longer length shorts in black,£32.00,
Only & Sons linen mix cargo trouser in black,£48.00,
New Look long sleeve linen blend shirt in white,£26.00,
ASOS DESIGN relaxed deep revere linen mix shirt in stone,£27.00,
ASOS DESIGN 90s oversized linen mix shirt with grandad collar in rust,£32.00,
ASOS DESIGN relaxed revere linen mix shirt with fruit embroidered border,£38.00,
Le Specs slaptrash sunglasses with blue lens in orange,£69.00,
Abercombie & Fitch pull-on utility short in light beige,£52.00,
